{
    "A": "A.mp3", 
    "B": "B.mp3", 
    "C": "C.mp3",
    "D": "D.mp3",
    "E": "E.mp3",
    "F": "F.mp3",
    "G": "G.mp3",
    "H": "H.mp3",
    "I": "I.mp3",
    "J": "J.mp3",
    "K": "K.mp3",
    "L": "L.mp3",
    "M": "M.mp3",
    "N": "N.mp3",
    "O": "O.mp3",
    "P": "P.mp3",
    "Q": "Q.mp3",
    "R": "R.mp3",
    "S": "S.mp3",
    "T": "T.mp3",
    "U": "U.mp3",
    "V": "V.mp3",
    "W": "W.mp3",
    "X": "X.mp3",
    "Y": "Y.mp3",
    "Z": "Z.mp3",
    "0": "0.mp3",
    "1": "1.mp3",
    "2": "2.mp3",
    "3": "3.mp3",
    "4": "4.mp3",
    "5": "5.mp3",
    "6": "6.mp3",
    "7": "7.mp3",
    "8": "8.mp3",
    "9": "9.mp3"
}